{
  "__type__": "cc.Skeleton",
  "_name": "Skin-4",
  "_objFlags": 0,
  "_native": "",
  "_joints": [
    "RootNode/Bip001/Bip001 Pelvis/Bip001 Spine/Bip001 Spine1/Bip001 Neck/Bip001 Head"
  ],
  "_bindposes": [
    {
      "__type__": "cc.Mat4",
      "m00": 0.0000013430886838250444,
      "m01": -0.000001402693328600435,
      "m02": 1,
      "m03": 0,
      "m04": 0.9999999999999998,
      "m05": 1.884224980902571e-12,
      "m06": -0.0000013430887975118817,
      "m07": 0,
      "m08": -2.832769475542896e-16,
      "m09": 0.9999999999999998,
      "m10": 0.000001402693328600435,
      "m11": 0,
      "m12": -0.9195359349250793,
      "m13": -0.007486057933419943,
      "m14": 0.0000012594424561029882,
      "m15": 1
    }
  ]
}