{
  "__type__": "cc.Skeleton",
  "_name": "Skin-5",
  "_objFlags": 0,
  "_native": "",
  "_joints": [
    "RootNode/Bip001/Bip001 Pelvis/Bip001 R Thigh",
    "RootNode/Bip001/Bip001 Pelvis",
    "RootNode/Bip001/Bip001 Pelvis/Bip001 L Thigh",
    "RootNode/Bip001/Bip001 Pelvis/Bip001 Spine"
  ],
  "_bindposes": [
    {
      "__type__": "cc.Mat4",
      "m00": -0.9928738982006452,
      "m01": -0.11707319356011706,
      "m02": 0.022256464293388324,
      "m03": 0,
      "m04": -0.11595537374823106,
      "m05": 0.992178831796689,
      "m06": 0.046210474534244775,
      "m07": 0,
      "m08": -0.02749239753998118,
      "m09": 0.04330041774871259,
      "m10": -0.9986836586473377,
      "m11": 0,
      "m12": -0.0011540840016538434,
      "m13": -0.0014870791039467493,
      "m14": -0.0478068021768535,
      "m15": 1
    },
    {
      "__type__": "cc.Mat4",
      "m00": 0.9999840422706425,
      "m01": -0.005643038696011609,
      "m02": -0.0000027647222712626835,
      "m03": 0,
      "m04": 0.005643040566921071,
      "m05": 0.9999840423171663,
      "m06": -4.440984921942915e-9,
      "m07": 0,
      "m08": 0.0000027647028993709797,
      "m09": -1.1160364314375276e-8,
      "m10": 1.0000000000049918,
      "m11": 0,
      "m12": 0.00023593198314686425,
      "m13": -0.0035522270426540242,
      "m14": 1.811742306267332e-8,
      "m15": 1
    },
    {
      "__type__": "cc.Mat4",
      "m00": -0.9928739575847253,
      "m01": -0.11707306039029346,
      "m02": -0.022253522523824548,
      "m03": 0,
      "m04": -0.11595529674167816,
      "m05": 0.9921787376399241,
      "m06": -0.04621323412158889,
      "m07": 0,
      "m08": 0.027489795274400586,
      "m09": -0.04330350688349475,
      "m10": -0.9986836041941756,
      "m11": 0,
      "m12": -0.0011540759402159928,
      "m13": -0.001487073126071197,
      "m14": 0.047806773741275545,
      "m15": 1
    },
    {
      "__type__": "cc.Mat4",
      "m00": 0.9999792819823935,
      "m01": -0.006439343262485596,
      "m02": -0.0000014036299111677512,
      "m03": 0,
      "m04": 0.006439345129124734,
      "m05": 0.9999792820156103,
      "m06": 0.000004163705168674821,
      "m07": 0,
      "m08": 0.0000013767891674319359,
      "m09": -0.0000041726572300528506,
      "m10": 0.999999999991761,
      "m11": 0,
      "m12": -0.058141746594131294,
      "m13": -0.015037851814970991,
      "m14": -1.2291439814268487e-8,
      "m15": 1
    }
  ]
}