{
  "__type__": "cc.Skeleton",
  "_name": "Skin-2",
  "_objFlags": 0,
  "_native": "",
  "_joints": [
    "RootNode/Bip001/Bip001 Pelvis",
    "RootNode/Bip001/Bip001 Pelvis/Bip001 Spine/Bip001 Spine1",
    "RootNode/Bip001/Bip001 Pelvis/Bip001 Spine",
    "RootNode/Bip001/Bip001 Pelvis/Bip001 Spine/Bip001 Spine1/Bip001 L Clavicle",
    "RootNode/Bip001/Bip001 Pelvis/Bip001 Spine/Bip001 Spine1/Bip001 L Clavicle/Bip001 L UpperArm/Bip001 L Forearm",
    "RootNode/Bip001/Bip001 Pelvis/Bip001 Spine/Bip001 Spine1/Bip001 L Clavicle/Bip001 L UpperArm",
    "RootNode/Bip001/Bip001 Pelvis/Bip001 Spine/Bip001 Spine1/Bip001 L Clavicle/Bip001 L UpperArm/Bip001 L Forearm/Bip001 L Hand",
    "RootNode/Bip001/Bip001 Pelvis/Bip001 Spine/Bip001 Spine1/Bip001 R Clavicle/Bip001 R UpperArm/Bip001 R Forearm",
    "RootNode/Bip001/Bip001 Pelvis/Bip001 Spine/Bip001 Spine1/Bip001 R Clavicle",
    "RootNode/Bip001/Bip001 Pelvis/Bip001 Spine/Bip001 Spine1/Bip001 R Clavicle/Bip001 R UpperArm",
    "RootNode/Bip001/Bip001 Pelvis/Bip001 Spine/Bip001 Spine1/Bip001 R Clavicle/Bip001 R UpperArm/Bip001 R Forearm/Bip001 R Hand",
    "RootNode/Bip001/Bip001 Pelvis/Bip001 Spine/Bip001 Spine1/Bip001 Neck/Bip001 Head",
    "RootNode/Bip001/Bip001 Pelvis/Bip001 Spine/Bip001 Spine1/Bip001 Neck",
    "RootNode/Bip001/Bip001 Pelvis/Bip001 L Thigh",
    "RootNode/Bip001/Bip001 Pelvis/Bip001 R Thigh"
  ],
  "_bindposes": [
    {
      "__type__": "cc.Mat4",
      "m00": 0.0000013867999086869531,
      "m01": 0.0000027577068522077752,
      "m02": 1,
      "m03": 0,
      "m04": 0.9999999999999998,
      "m05": -3.824105095084906e-12,
      "m06": -0.000001386800136060629,
      "m07": 0,
      "m08": -2.832769475542896e-16,
      "m09": 0.9999999999999998,
      "m10": -0.0000027577068522077744,
      "m11": 0,
      "m12": -0.6293670535087585,
      "m13": -0.04358913004398346,
      "m14": 9.930123496815213e-7,
      "m15": 1
    },
    {
      "__type__": "cc.Mat4",
      "m00": -4.2797512378456304e-7,
      "m01": -0.000001471208747716446,
      "m02": 1,
      "m03": 0,
      "m04": 0.9500216245651242,
      "m05": 0.31218394637107866,
      "m06": 8.658734031996574e-7,
      "m07": 0,
      "m08": -0.31218391656875627,
      "m09": 0.9500217437744137,
      "m10": 0.00000126407337575074,
      "m11": 0,
      "m12": -0.7143685221672058,
      "m13": -0.29274967312812805,
      "m14": -7.363148029071453e-7,
      "m15": 1
    },
    {
      "__type__": "cc.Mat4",
      "m00": 1.0916177961561857e-9,
      "m01": -0.0000014026936696609482,
      "m02": 1,
      "m03": 0,
      "m04": 0.9999995827674864,
      "m05": -0.0007963178795760137,
      "m06": -2.208607741138423e-9,
      "m07": 0,
      "m08": 0.0007963178795760137,
      "m09": 0.9999997019767759,
      "m10": 0.0000014026923054188953,
      "m11": 0,
      "m12": -0.6877764463424683,
      "m13": -0.05457337573170662,
      "m14": -7.570904614340179e-8,
      "m15": 1
    },
    {
      "__type__": "cc.Mat4",
      "m00": 0.9025223255157471,
      "m01": -0.04927859827876091,
      "m02": 0.42781439423561096,
      "m03": 0,
      "m04": -0.4207557141780852,
      "m05": -0.3125601708889009,
      "m06": 0.8516282439231869,
      "m07": 0,
      "m08": 0.09175070375204095,
      "m09": -0.9486188888549801,
      "m10": -0.30282676219940197,
      "m11": 0,
      "m12": 0.3473565876483917,
      "m13": 0.2786555886268616,
      "m14": -0.7454761266708374,
      "m15": 1
    },
    {
      "__type__": "cc.Mat4",
      "m00": 0.6882076859474182,
      "m01": 0.03171096369624138,
      "m02": 0.7248203754425049,
      "m03": 0,
      "m04": -0.7249949574470519,
      "m05": 0.06783884763717628,
      "m06": 0.6854051947593688,
      "m07": 0,
      "m08": -0.02743613161146624,
      "m09": -0.9971921443939207,
      "m10": 0.06967750191688521,
      "m11": 0,
      "m12": 0.4406352937221527,
      "m13": -0.044920358806848526,
      "m14": -0.6338286399841309,
      "m15": 1
    },
    {
      "__type__": "cc.Mat4",
      "m00": 0.6876004934310913,
      "m01": 0.042906153947114944,
      "m02": 0.7248203754425049,
      "m03": 0,
      "m04": -0.7260026931762694,
      "m05": 0.05603185668587661,
      "m06": 0.6854052543640136,
      "m07": 0,
      "m08": -0.011204926297068433,
      "m09": -0.9975066184997556,
      "m10": 0.0696775168180464,
      "m11": 0,
      "m12": 0.5563605427742004,
      "m13": -0.03774385526776314,
      "m14": -0.6338286995887756,
      "m15": 1
    },
    {
      "__type__": "cc.Mat4",
      "m00": 0.6882076859474182,
      "m01": -0.7207566499710083,
      "m02": -0.08294573426246643,
      "m03": 0,
      "m04": -0.7249949574470519,
      "m05": -0.6875294446945189,
      "m06": -0.041056171059608675,
      "m07": 0,
      "m08": -0.02743613161146624,
      "m09": 0.0883903950452806,
      "m10": -0.9957079291343687,
      "m11": 0,
      "m12": 0.29274073243141174,
      "m13": 0.6329849362373352,
      "m14": 0.05555761605501175,
      "m15": 1
    },
    {
      "__type__": "cc.Mat4",
      "m00": -0.688207745552063,
      "m01": -0.03171370178461075,
      "m02": 0.7248202562332153,
      "m03": 0,
      "m04": -0.7249948978424071,
      "m05": 0.06783885508775687,
      "m06": -0.6854052543640136,
      "m07": 0,
      "m08": -0.027434241026639772,
      "m09": -0.9971920847892759,
      "m10": -0.06967949122190459,
      "m11": 0,
      "m12": 0.44063517451286316,
      "m13": -0.04492036625742912,
      "m14": 0.6338287591934204,
      "m15": 1
    },
    {
      "__type__": "cc.Mat4",
      "m00": -0.902522087097168,
      "m01": 0.049275998026132584,
      "m02": 0.4278152287006378,
      "m03": 0,
      "m04": -0.4207557141780852,
      "m05": -0.3125602006912233,
      "m06": -0.8516282439231869,
      "m07": 0,
      "m08": 0.09175317734479913,
      "m09": -0.9486190676689145,
      "m10": 0.30282559990882885,
      "m11": 0,
      "m12": 0.3473564684391022,
      "m13": 0.27865561842918396,
      "m14": 0.7454761862754822,
      "m15": 1
    },
    {
      "__type__": "cc.Mat4",
      "m00": -0.6876005530357361,
      "m01": -0.042908888310194016,
      "m02": 0.7248202562332153,
      "m03": 0,
      "m04": -0.726002812385559,
      "m05": 0.05603184923529601,
      "m06": -0.6854053139686583,
      "m07": 0,
      "m08": -0.01120304316282256,
      "m09": -0.9975064396858213,
      "m10": -0.06967950612306578,
      "m11": 0,
      "m12": 0.5563604831695557,
      "m13": -0.037743858993053436,
      "m14": 0.6338288187980652,
      "m15": 1
    },
    {
      "__type__": "cc.Mat4",
      "m00": -0.688207745552063,
      "m01": 0.7207568883895874,
      "m02": -0.08294299989938736,
      "m03": 0,
      "m04": -0.7249948978424071,
      "m05": -0.6875295042991637,
      "m06": 0.04105617478489897,
      "m07": 0,
      "m08": -0.027434241026639772,
      "m09": 0.08838842064142241,
      "m10": 0.9957082271575926,
      "m11": 0,
      "m12": 0.2927406132221222,
      "m13": 0.6329851150512695,
      "m14": -0.055557627230882645,
      "m15": 1
    },
    {
      "__type__": "cc.Mat4",
      "m00": 0.0000013430886838250444,
      "m01": -0.000001402693328600435,
      "m02": 1,
      "m03": 0,
      "m04": 0.9999999999999998,
      "m05": 1.884224980902571e-12,
      "m06": -0.0000013430887975118817,
      "m07": 0,
      "m08": -2.832769475542896e-16,
      "m09": 0.9999999999999998,
      "m10": 0.000001402693328600435,
      "m11": 0,
      "m12": -0.9195359349250793,
      "m13": -0.0074860467575490475,
      "m14": 0.000001259442569789826,
      "m15": 1
    },
    {
      "__type__": "cc.Mat4",
      "m00": 4.118019774068671e-7,
      "m01": -0.0000014660053011539276,
      "m02": 1,
      "m03": 0,
      "m04": 0.9538174867630004,
      "m05": -0.30038660764694186,
      "m06": -8.331523417837156e-7,
      "m07": 0,
      "m08": 0.30038660764694186,
      "m09": 0.9538174867630004,
      "m10": 0.0000012746019137921394,
      "m11": 0,
      "m12": -0.8504974246025085,