{
  "__type__": "cc.Skeleton",
  "_name": "Skin-1",
  "_objFlags": 0,
  "_native": "",
  "_joints": [
    "RootNode/Bip001/Bip001 Pelvis/Bip001 Spine/Bip001 Spine1",
    "RootNode/Bip001/Bip001 Pelvis/Bip001 R Thigh",
    "RootNode/Bip001/Bip001 Pelvis/Bip001 Spine",
    "RootNode/Bip001/Bip001 Pelvis/Bip001 R Thigh/Bip001 R Calf",
    "RootNode/Bip001/Bip001 Pelvis/Bip001 L Thigh/Bip001 L Calf",
    "RootNode/Bip001/Bip001 Pelvis/Bip001 L Thigh"
  ],
  "_bindposes": [
    {
      "__type__": "cc.Mat4",
      "m00": -4.2797512378456304e-7,
      "m01": -0.000001471208747716446,
      "m02": 1,
      "m03": 0,
      "m04": 0.9500216245651242,
      "m05": 0.31218394637107866,
      "m06": 8.658734031996574e-7,
      "m07": 0,
      "m08": -0.31218391656875627,
      "m09": 0.9500217437744137,
      "m10": 0.00000126407337575074,
      "m11": 0,
      "m12": -0.7143685221672058,
      "m13": -0.29274967312812805,
      "m14": -7.363148029071453e-7,
      "m15": 1
    },
    {
      "__type__": "cc.Mat4",
      "m00": -0.027491338551044464,
      "m01": 0.04330332204699516,
      "m02": -0.9986836910247803,
      "m03": 0,
      "m04": -0.9935123920440672,
      "m05": -0.111472353339195,
      "m06": 0.02251550182700158,
      "m07": 0,
      "m08": -0.11035062372684454,
      "m09": 0.9928236007690427,
      "m10": 0.04608691483736037,
      "m11": 0,
      "m12": 0.6287824511528015,
      "m13": 0.02894667722284794,
      "m14": -0.06382779777050018,
      "m15": 1
    },
    {
      "__type__": "cc.Mat4",
      "m00": 1.0916177961561857e-9,
      "m01": -0.0000014026936696609482,
      "m02": 1,
      "m03": 0,
      "m04": 0.9999995827674864,
      "m05": -0.0007963178795760137,
      "m06": -2.208607741138423e-9,
      "m07": 0,
      "m08": 0.0007963178795760137,
      "m09": 0.9999997019767759,
      "m10": 0.0000014026923054188953,
      "m11": 0,
      "m12": -0.6877764463424683,
      "m13": -0.05457337573170662,
      "m14": -7.570904614340179e-8,
      "m15": 1
    },
    {
      "__type__": "cc.Mat4",
      "m00": -0.027554744854569435,
      "m01": 0.043263014405965805,
      "m02": -0.9986836910247803,
      "m03": 0,
      "m04": -0.9933480620384214,
      "m05": -0.11292758584022497,
      "m06": 0.02251550182700158,
      "m07": 0,
      "m08": -0.11180484294891332,
      "m09": 0.9926608800888059,
      "m10": 0.046086922287940965,
      "m11": 0,
      "m12": 0.3759544789791107,
      "m13": 0.029497427865862846,
      "m14": -0.06382779777050018,
      "m15": 1
    },
    {
      "__type__": "cc.Mat4",
      "m00": 0.027554264292120934,
      "m01": -0.043260302394628525,
      "m02": -0.998683750629425,
      "m03": 0,
      "m04": -0.9933480620384214,
      "m05": -0.11292757838964437,
      "m06": -0.02251532673835755,
      "m07": 0,
      "m08": -0.11180492490529989,
      "m09": 0.9926610589027403,
      "m10": -0.0460841730237007,
      "m11": 0,
      "m12": 0.3759545087814331,
      "m13": 0.02949742041528225,
      "m14": 0.06382756680250168,
      "m15": 1
    },
    {
      "__type__": "cc.Mat4",
      "m00": 0.02749086171388626,
      "m01": -0.043300602585077286,
      "m02": -0.998683750629425,
      "m03": 0,
      "m04": -0.9935123920440672,
      "m05": -0.1114723458886144,
      "m06": -0.02251532673835755,
      "m07": 0,
      "m08": -0.11035069823265051,
      "m09": 0.9928237795829771,
      "m10": -0.046084158122539506,
      "m11": 0,
      "m12": 0.6287824511528015,
      "m13": 0.02894667163491249,
      "m14": 0.06382756680250168,
      "m15": 1
    }
  ]
}