{
  "current-scene": "3f4aed90-3331-4700-be51-3663e946ca8f",
  "gizmos-infos": {
    "iconGizmoSize": 2,
    "isGridVisible": true,
    "isIconGizmo3D": true
  },
  "camera-infos": {
    "f46876e4-e81b-4931-b493-6d367be385e7": {
      "position": {
        "x": 12.247240293797386,
        "y": 16.715934431452176,
        "z": 7.772488444688205
      },
      "rotation": {
        "w": 0.9004296210634328,
        "x": -0.30840260479645065,
        "y": 0.28893735937721,
        "z": 0.09763517300090202
      },
      "viewCenter": {
        "x": -6.099304375769265,
        "y": -7.679365715238472,
        "z": -17.814986212022134
      }
    }
  },
  "camera-uuids": [
    "f46876e4-e81b-4931-b493-6d367be385e7"
  ]
}
